name,description,frontend,backend,database,technologies,keywords
"Dr. Everett Russel","Nobis expedita doloremque vitae et ea. Quos neque temporibus possimus excepturi voluptate ipsum. Et nulla fugiat tempore commodi qui in. Ea ut consequatur nemo ut inventore provident.",React,Django,Oracle,"Memcached, Mixpanel, Google Drive, Django, PostgreSQL, Trello, Vue.js, Microsoft Teams, Microsoft Excel, FullStory, Google Meet, Oracle, Azure, Firebase, PHP, Firebase, Oracle, Heap, Microsoft PowerPoint","Purpose, Treatment, Deeply, Late, Question, Things, Ray, Burn, Cakes, Complain, Well-groomed, Stay, Second, Puzzled, Stage, Wed, Cope, Ill-treat, Surpass, Desk, Jaded, Extra-large, Amount, Doctor, Turkey, Immolate, Merge, Misty, Pen, Race, Befitting, Crook, Railway, Part, Mushy"
"Susan Corwin","Quas quia quae asperiores harum ullam. Aspernatur quia delectus adipisci vel et consequatur assumenda. Occaecati maxime quas commodi vitae alias dolorum. Sit at eum omnis voluptate animi.",Angular,Node.js,Couchbase,"Jira, DynamoDB, OneDrive, Travis CI, Mouseflow, React, Jenkins, Notion, RethinkDB, OneDrive, Dropbox, Google Analytics, Neo4j, Google Docs, Firebase","Even, Abstracted, Renounce, Chew, Greedy, Ugliest, Leer, Cream, Graceful, Gamy, Discreet, Fireman, Damp, Common, Attack, Alleged, Start, Squeeze, Zippy, Accept, Annoying, Library, Animated, Abrupt, Freezing, High, Food, Battle, Cope, Chew, Empower, Puzzled, Treatment, Trains, Hop, Erect, Rapid, Rend, Succeed, Verse, Impeach, Aromatic, Flash, Tremendous, Alleged, Spoon, Bee, Truthful, Replace, Driving, Tin, Scabble, Eminent, Itchy, Lamp, Abstracted, Produce, Trampl, Floor, Unadvised, Income, Comb, Marry, Land, Society, Diminish, Trap, Statement, Vengeful, Brave, Finger, Plough"
"Ronny Bartell II","In repellat provident impedit nemo. Saepe veritatis quasi odit repudiandae. Quis labore amet voluptatem magnam eum. Odio blanditiis modi atque et impedit velit maiores.",Angular,Node.js,CouchDB,"FullStory, Jenkins, Google Sheets, Django, Google Drive, Mixpanel, Confluence, TeamCity, Microsoft PowerPoint, AWS, Confluence, GitLab, iCloud, Google Drive, Kubernetes, Google Cloud, GitHub, Heap","Repeat, Lettuce, Plough, Brawny, Donate, Develop, Account, Surmise, Skin, Vagabond, Address, Ill-fated, Knowledge, Heave, Encouraging, Skinny, Momentous, Helpless, Savor, Peep, Glorious, Try, Whisper, Fan, Divergent, Smash, Bad, Murmur, Rewind, Crown, Sharp, Descriptive, Organization, Glamorous, Loaf, Authority, Needy, Tenuous, Outrageous, Humor, Juicy, Cuddly, Merge, Leave, Alleged, Star, Breath, Fearless, Distinct, Heal, Renew, Agreement, Quaint, Increase, Real, Cent, Ahead"
"Mrs. Brionna Rohan","Esse qui illum ea sunt maiores. Accusamus eum expedita qui quis atque aut asperiores. Itaque voluptas soluta sequi veniam enim et. Enim quis consequuntur magnam doloremque iste modi.",Vue.js,Express.js,Oracle,"Firebase, Confluence, CouchDB, Bitbucket, Google Analytics, DynamoDB, SQLite, PHP, Google Search Console, Neo4j, Memcached, Bitbucket, Google Tag Manager, DynamoDB, Discord, Asana, VWO, Zoom, React","Big, Force, Expert, Wide, Renew, Sister, Act, Disgusted, String, Hold, Boring, Ladybug, Lying, Earth, Decorate, Cast, Mushy, Famous, Floor, Salvage, Fearless, Chief, Make, Ducks, Spot, Shocking, Daughter, Encouraging, Originate, Kitty, Hiss, Lake, Fat, Imprint, Flop, Adamant, Rare, Ill-treat, Bored, Favour, Vacuous"
"Mrs. Ciara Rice","Autem eveniet perferendis quasi quas fugiat iste. Nostrum consequatur ullam sed totam nam facere quia. Iure eos exercitationem sunt assumenda quia quas.",Angular,"Ruby on Rails",Elasticsearch,"Laravel, PostgreSQL, Docker, Microsoft PowerPoint, Jira, Kubernetes, Git, Cassandra, Google Slides, CouchDB, Express.js, Elasticsearch, Mixpanel, CouchDB, Google Analytics, PostgreSQL, Confluence, Google Drive","Day, Valuable, Gratis, Valuable, Coo, Punish, Remake, Wakeful, Circle, Fluttering, Earthquake, Road, Seize, Beef, Ambiguous, Apparatus, Shrill, Crash crashed crashed crashes crashing, Qualify, Energetic, Cuddly, Liquid, Lay, Foot, Curve, News, Dwell, Refer, Scant, Grass, Notice, Onerous, Imitate, Innocent, Voracious, Jealous, Wed, Sheet, Ocean, Clocks, Righteous, Remake, Insurance, Fifth, Calculate, Brave, Wave, Delete, Keep, Tangible, Dolls, Conserve, Pricey, Talk, Ajar, Elated, Observation, Idealize, Crowd, Aromatic, Abhorrent, Subsequent, Messy, Brash, Nutritious, Omniscient, Leap, Modern, Death, Flock, Arise, Cause, Rend, View, Obsequious, Forsake, Cook, Liquid, Dad, Take, Receive, Business, Female"
"Bianka Monahan","Quibusdam est aspernatur non dignissimos. Et consequatur voluptatem qui facilis. Rerum qui velit optio ut autem.",Angular,Django,Redis,"Skype, AWS, Codeship, CouchDB, FullStory, VWO, React, Elasticsearch, Google Analytics, FullStory, TeamCity, Google Search Console, DynamoDB, Codeship, Microsoft PowerPoint, Microsoft PowerPoint, Vercel, Couchbase, Symfony, Microsoft Word","Fizz, Trite, Money, Conclude, Rustic, Spiders, Go, Bite-sized, Contemn, Shocking, Uttermost, Watery, Bloody, Chubby, Scowl, Turkey, Work, Decision, Recur, Windy, Forget, Glue, Bent, Goldfish, Tangible, Few, Oppress, Measly, Billowy, Competition, Awesome, Real, Disgust, Enjoy, Natural, Cup, Mislead, Lock, Arrogant, Skirt, Loutish, Brash, Vacation, Bike, Earthquake, Arithmetic, Birds, Macho, Tart, Cynical, Converge, Operation, Wholesale, Judicious, Wake, Instrument"
"Dax Larkin","Aut ex vitae quia laboriosam debitis inventore vero. Ut libero et modi est rerum numquam reiciendis. Et at rerum voluptatem.",HTML,Express.js,Neo4j,"Laravel, TeamCity, Cassandra, Google Analytics, ASP.NET Core, Cassandra, Elasticsearch, Git, Django","Cakes, Unhealthy, Balloon, Spicy, Violent, Smell, Pink, Natural, Aunt, Cushion, Start, Defiant, Rotten, Pain, Glorious, Snotty, Ski, Position, Rainstorm, Narrow, Act, Abortive, Depressed, Stray, Trite, Gold, Magnificent, Defiant, Have, Preserve, Whip, Earth, Leer, Abrupt, Rings, Care, Hands, Preserve, Sloppy, Obsequious, Obnoxious, Crash crashed crashed crashes crashing, Befitting, Bent, Curious, Accompany, Zesty, High-pitched, Repeat, Stiff, Immolate, Hard, Oranges, Imprint, Advise, Debonair, Wasteful, Economic, Snap"
"Adelle Dibbert","Consequatur quos commodi praesentium natus aut. Eveniet voluptatum quas quas reiciendis ut. Voluptatibus quo et accusamus expedita accusantium aperiam consequatur officiis.",Angular,"Ruby on Rails",RethinkDB,"HTML, Optimizely, Couchbase, Heroku, Heroku, Skype, Google Slides, Confluence, Bitbucket, Bamboo, Microsoft Excel, Angular, Azure","Half, Club, Reply, Flock, Sass, Bells, Put, Say, Frighten, Adjustment, Physical, Gainful, Energetic, Shivering, Ill-informed, Bulb, Strike, Balloon, Juvenile, Porter, Boiling, Complain, Kneel, Impinge, Silky, Fancy, Boat, Put, Caring, Hope, Hammer, Organize, Reach, Calm, Swanky, Trousers, Warm, Three, Wake, Writing, Impend, Atten, Ugly, Soothe, Pause, Oil, Descriptive, Credit, Panoramic, Shatter, Implode, Oven, Disastrous, Counsel, Hour, Scabble, Education, Hilarious, Imbibe, Want, Half, Cowardly, Xenophobic, Momentous, Brief, Day, Cycle, Position, Tangy, Decay"
"Miss Pearl Runolfsdottir PhD","Dolorem quis ea accusamus voluptatem. Voluptates voluptas rerum velit itaque. Reprehenderit et consequuntur magni eius debitis consequatur sed. Est praesentium necessitatibus facilis sint eum ut hic.",Vue.js,Django,RethinkDB,"ASP.NET Core, RethinkDB, Bitbucket, Codeship, Google Slides, iCloud, TeamCity, Netlify, Asana, Skype","Convince, Explore, Bid, Ski, Wound, Eye, Puzzled, Superficial, Tightfisted, Pencil, Gray, Reach, Declare, Merciful, Lazy, Park, Need, Nest, Male, Stale, Live, High, Blur, Face, Recur, Comment, Defective, Allow, Torpid, Roof, Increase, Aware, Snails, Clumsy, Saw, Ripe, Voice, Retch, True, Cynical, Magnificent, Board, Arch, Underwear, Voiceless, Expect, Living, Harmony, Womanly, Pricey, Reset, Groovy, Rural, Praise, Fertile, Crime, Catch, Phobic, Merciful, Die, Voice"
"Jeffrey Wisoky","Qui error tenetur non veniam omnis perspiciatis. Accusamus laboriosam voluptas odio quis sapiente quidem. Distinctio aperiam sint omnis ipsa placeat quidem.",Angular,Flask,Couchbase,"Optimizely, Crazy Egg, Segment, Ruby on Rails, React, Vercel, Jenkins, Travis CI","Greedy, Breed, Liquid, Beam, Sticky, Renounce, Ill, Decision, Unaccountable, Grotesque, Opinion, Naive, News, Mighty, Valuable, Detach, Clever, Boat, Married, Discussion, Scary, Hurl, Enter, Eyes, Dolls, Misty, Empty, Jealous, Pushy, Reflective, Race, Tested, Dazzling, Wine, Icky, Driving, Retch, Crazy, Meal, Clam, Reaction, Tranquil"
"Nina Rempel DDS","Excepturi consequatur illo iure. Quo et quia id reprehenderit perspiciatis est. Itaque facere quis excepturi perferendis. Non itaque nihil dolorem optio et atque laboriosam voluptatem.",HTML,Django,Cassandra,"Dropbox, DynamoDB, AWS, Inspectlet, Jira, HTML, Docker, Asana, Hotjar, PostgreSQL","Credit, Reflect, Atten, Magnificent, Speak, Stitch, Magenta, Cope, Trade, Admit, Organization, Understood, Badge, Dig, Amusing, Fail, Corn, Grab, Auspicious, Jealous, Pricey, Wall, Uptight, Snap, Output, Miss, Monkey, Fit, Assort, Terrific, Lean, Trick, Basin, Dwell, Journey, Sea, Cheerful, Torpid, Furtive, Snail, Jail, High-pitched, Atten, Obsolete, Innate, Fascinated"
"Mr. Geovanni Nikolaus","Aliquid saepe perspiciatis voluptas est dolores debitis consectetur. Voluptas sint dolorum excepturi et velit. Perferendis exercitationem nihil nihil deleniti.",Angular,"Ruby on Rails",Firebase,"Microsoft PowerPoint, Node.js, Google Meet, Slack, Microsoft Word","Beef, Pain, Geese, Worry, Hospitable, Peep, Bash, Hope, Sable, Sidewalk, Pet, Dark, Clocks, Wax, Crush, Woozy, Wide, Ad hoc, Cows, Inlay, Taste, Eight, Ready, Hanging, Helpless, Colossal, Cynical, Stride, Rose, Crowd, Zesty, Somber, Six, Ill-treat, Birds, Contain, Cowardly, Do, Go, Form"
"Rhea Jaskolski","Quas repudiandae sit sed et. Enim sit vitae et sunt molestias nobis. Facilis vero dolores architecto nisi fugiat facere quis perspiciatis.",HTML,ASP.NET,MariaDB,"Netlify, Memcached, Skype, Redis, Discord, Elasticsearch, React, Mouseflow, Spring, Jira, MariaDB, Microsoft Excel, Netlify","Painful, Picayune, Awake, Wrong, Beetle, Doubtful, Shut, Spot, Transfer, Recall, Answer, Heavy, Enthusiastic, Laugh, Striped, Crowd, Encourage, Imminent, Motivate, Monkey, Godly, Impel, Stage, Vigorous, Feather, Scar, Count, Watch, Lacking, Hurl, Succeed, Wave, Floor, Transfer, Children, Jail, Empty, Mark, Cool, Actually, Brake, Set, Comfort, Bun, Lick, Fortunate, Parent, Phobic, Innocent, Hysterical, Pain, Gifted, Pause, Combative, Trousers, Hurry, Drag, Needy, Leg"
"Tate Hand","Tempora officiis esse id perferendis voluptas non dolorum. Dolorem nulla ut odio magnam. Et labore est eius ducimus omnis.",Vue.js,Django,MongoDB,"Flask, iCloud, Microsoft Teams, AWS, Optimizely, Optimizely, Git, CircleCI","Bawdy, Fluttering, Satisfying, Lettuce, Bid, Kid, Spiteful, Natural, Competition, Thankful, Dog, Shake, Lean, Aromatic, Quiver, Brief, Drill, Silky, Zoom, Suck, Shade, Relieved, Queen, Knowing, Trampl, Fruit, Habitual, Unbiased, Argue, Kite, Knee, Cast, Itchy, Boys, Awesome, Deal"
"Zita Beahan","Repellat voluptatibus in ut porro laboriosam ipsam et. Voluptatem velit nam et. Minima quibusdam nobis ut et id in et voluptas. Ea eum omnis qui voluptatem aut ipsum.",Angular,Express.js,Redis,"GitLab, Hotjar, MongoDB, Segment, Jenkins, Couchbase, Segment, Dropbox, DynamoDB, Microsoft Excel, SQLite, Asana, iCloud, TeamCity, Google Slides, Dropbox, Mixpanel, Bitbucket, Vercel","Frightening, Wrathful, Painstaking, Secretary, Impede, Drab, Spiffy, Foretell, Healthy, Beggar, Bubble, Impeach, Loutish, Write, Reduce, Solid, Slip, Fluffy, Fifth, Sick, Alluring, Spiffy, Red, Flop, Flash, Ancient, Roomy, Depressed, Sleep, Fierce, Plausible, Indicate, Potato, Owe, Vagabond, Measly, False, Woman, Bath, Trampl, Puffy, Tangible, Fail"
"Mr. Fabian Dibbert","Qui omnis eos et minima maxime a commodi non. Sed ea vero delectus cupiditate cumque consequatur eum qui. Officiis nostrum sit ducimus et. Sed dolores quas nam.",React,Spring,Elasticsearch,"DigitalOcean, Kubernetes, Google Cloud, Vercel, Mixpanel, DynamoDB, Segment","Smash, Blushing, Pastoral, Decrease, Club, Melt, Stay, Demonic, Representative, Puzzled, Sight, Signify, System, Women, Decision, Inflame, Mighty, Seashore, Education, Warn, Space, Part, Reduce, Glitter, Regret, Rob, Salve, Meal, Panicky, Owl, Tail, Tiresome, Economic, Enlighten, Bumpy, Shiny, Trucks, Macho, Tiny, Wed, Untidy, Wheel, Watch, Come, Abject, Salve, Horse, Ducks, Miss, Smooth, Big, Trick, Soggy, Dark, Linen, Bat, Heat, Wake, Trousers, Output, Frightened, Superficial, Whip, Play, Solid, Prevent, Industry, Terrific, Distribute, Line, Sack, Lovely, Reminiscent, Unhealthy, Sing, Uncovered, Reason, Goat, Impede"
"Mateo Moore","Provident incidunt ex dolorum nam corporis nostrum molestias. Velit dolor provident error vero qui. Consequatur quibusdam quia necessitatibus excepturi.",Angular,ASP.NET,PostgreSQL,"Google Sheets, Google Tag Manager, Elasticsearch, iCloud, GitHub, Oracle, Google Search Console","Crash crashed crashed crashes crashing, Few, Constitute, Annoying, Wasteful, Bottle, True, Hatch, Hat, Spooky, Greedy, Complain, Divide, Soar, Frightening, Orde, Neck, Fowl, Colorful, Boorish, Meal, Have, Copper, Brothers, Flippant, Ugliest, Stretch, Competition, Stick, Evanescent, Mass, Honey, Remain, Save, Place, Comfortable, Guitar, Chief, Level, Juice, Eight"
"Vito Steuber","Iste architecto dolorum illum voluptate neque. Numquam illum omnis ut quae nemo dolor occaecati qui. Natus dolores quia possimus nesciunt quam ducimus at.",Vue.js,Spring,Oracle,"Redis, Microsoft PowerPoint, Optimizely, Segment, Zoom, GitLab, HTML, SQLite, Microsoft Excel, Flask","Dance, Laugh, Quack, Salve, Treasure, Fanatical, Goose, Horrify, Scat, Digest, Boy, Capture, Dream, Clam, Innate, Power, Income, Hurried, Skate, Cobweb, Five, Convey, Increase, Languid, Internal, Mountain, Greedy, Courageous, Suffer, Dolls, Roll, Enthusiastic, Distinct, Detail, Royal, Trains, Grieving, Contain, Married, Deer, Greet, Song, Do, Pushy, Knot, Windy, Activity, Snow, Notebook, Volcano, Pointless, Hide, Attractive, Constrain, Create, Impend, Respect, Healthy, Sad, Stupid, Nasty, Come, Look, Guitar, Living, Flimsy, Clean, Differ, Territory, Pay, Billowy, Chief, Eye, Urge, Ski, Tense, Bells, Fluffy, Gaze, Bust, Behave, Educat, Mitten"
"Clementine Beier","Aperiam consectetur adipisci et nemo. Voluptatem eos id voluptatem nobis.",HTML,Symfony,Memcached,"Trello, CircleCI, CircleCI, FullStory, Symfony, Trello, Heroku, Git, MariaDB","Implant, Talk, Cuddly, Downtown, Temporary, Bring, Arm, Fair, Gold, Wind, Xenophobic, Gamy, Thin, Conclude, Knotty, Contend, Death, Sacrifice, Card, Unaccountable, Truck, Wild, Confiscate, Spiders, Cold, Narrow, Frame, Type, Humiliate, Consider, Rattle, Industrious, Stage, Understood, Join, Freezing, Hate, Garrulous, Tongue, Offset, Animal, Bad, Pour, Sashay, Eggs, Oranges, Unequaled, Volcano, Windy, Route, Spiders, Pale, Onerous, Yield, Correspon, Month, Fierce, Sincere, Noxious, Lowly, Alike, Place, Befitting, Obtain, Fly, Mighty, Trite, Recall, Renounce, Shelf"
"Lafayette Waters","Quia dolorem nostrum id et. Rerum temporibus qui sed. Dolor nulla fugiat delectus consequatur laboriosam iste.",Angular,"ASP.NET Core",Oracle,"DynamoDB, MySQL, Crazy Egg, ASP.NET Core, Dropbox, Slack, CircleCI, Codeship, GitHub, AWS, React, Mouseflow, Optimizely, iCloud","Pain, Silky, Choose, Come, Tell, Mushy, Earth, Baseball, Aromatic, Zebra, Stay, Animated, Bury, Steel, Instinctive, Halting, Cough, Left, Charming, Dazzling, Maniacal, Attempt, Parent, Engrave, Arise, Apple, True, Animal, Conquer, Drag, Periodic, Page, Hunt, Somber, Striped, Hungry, Cloudy, Route, Wrathful, Home, Detailed, Amusing, Include, Respect, Oatmeal"
"Landen Crona","Quos eaque et architecto modi omnis omnis facilis aperiam. Vero quae qui optio autem est occaecati mollitia. Facere et qui et voluptatem dolor pariatur. Ad minus tempore ad.",HTML,Symfony,DynamoDB,"Node.js, Jenkins, Microsoft Excel, HTML, Google Drive, Codeship, Skype, Vercel, HTML, Memcached, Firebase, Netlify, Skype, Firebase, Vercel","Sleet, Ready, Drink, Ugly, Calculating, Various, Record, Ply, Boy, Spoil, Meeting, Box, Extend, Fry, Quaint, Foamy, Imminent, Thin, Suffer, Truck, Top, Home, Internal, Fluffy, Choke, Girl, Tank, Aunt, Pay, Earn, Surpass, Learn, Journey, Change, Day, Unaccountable, Celebrate, Proud, Teeny-tiny, Boorish, Umbrella, Muddled, Green, Cut, Sneaky, Pricey, Trick, Bubble, Demonic, Dock, Painstaking, Geese, Crayon, Drag, Beautify, Saponify, Abortive, Damp, Bad, Eggs, Sterilize, Abrupt, Uppity, Make, Sacrifice, Resolute, Natural, Use, Wound, Magenta, Stitch, Strew, Hurt, Paint, Smash, Store, Cabbage, Wakeful, Pastoral, Bash, Efficient, Baseball, Power, Nod, Amazing, Selection"
"Ludwig Simonis Jr.","Nostrum natus qui eaque velit perferendis autem ut. Cumque at voluptatem ullam officiis. Dolores numquam quos odio iure dignissimos quia assumenda animi.",Angular,ASP.NET,Neo4j,"Vercel, AWS, Bamboo, Travis CI, Git, PostgreSQL, GitLab, Couchbase, Amplitude, PHP, FullStory","Design, Slam, Bustling, Feast, Pretend, Business, Loose, Beg, Girl, Qualify, Alert, Shiny, Shut, Button, Receive, Bitter, Disgusting, Nondescript, Contrast, Expect, Past, Hands, Obsolete, Prove, Suggestion, Loutish, Wonderful, Humiliate, Hypnotize, Terrible, Imprison, Flash, Nonchalant, Waste, Chairs, Earthquake, Ripe, Cream, Auspicious, Pancake, Jealous, Plot, Doubtful, Learn, Effect, Shade, Overflow, Military, Boat, Congratulate, Butter, Soar, Soggy, Adorable, Defective, Mash, Steel, Goldfish, Earth, Edge, Yawn, Instinctive, Enthusiastic, Vulgar, Awful, Digestion, Use, Front, Abundant, Initiate"
"Brain Considine","Consequatur aliquam cumque omnis eligendi aspernatur deserunt perspiciatis minima. Sit aspernatur molestiae ut ipsam qui quo at. Enim est voluptas dolor. Aperiam vero eius consequatur illum quaerat.",Vue.js,Django,Elasticsearch,"DigitalOcean, Google Docs, RethinkDB, MySQL, Segment, Jenkins, Confluence, GitHub, Node.js, Firebase","Highfalutin, Quiver, Mere, Tranquil, Pour, Nerve, Breed, Turn, Fearless, Hop, Honey, Leak, Racial, Rainstorm, Scientific, Giants, Airport, Glass, Pushy, Carpenter, Undesirable, Count, Boys, Brief, Injure, Humor, Sidewalk, Animal, Idiotic, Stiff, Crazy, Rapid, Take, Butter, Experience, Exciting"
"Prof. Tyrell Carroll","Modi est eius qui velit aut facilis dolores. Modi non aut et. Et aspernatur sint ut id exercitationem ut. Voluptatibus ut eos nesciunt aspernatur iusto.",React,Django,Couchbase,"Elasticsearch, SQLite, RethinkDB, Git, CouchDB, Spring, Inspectlet, Redis, GitLab, Google Tag Manager, Notion, MySQL, Confluence, Amplitude, Oracle, Firebase","Walk, Equal, Try, Appliance, Envy, Dare, Wool, Faint, Display, Illumine, Clean, Wrathful, Giants, Vegetable, Tart, Reach, Magnificent, Cloistered, Hospitable, Class, Scent, Entertaining, Orange, Excellent, Mint, Driving, Gash, Bun, Fifth, Far-flung, Humor, Vulgar, Screeching, Steadfast, Resist, Burst, Violent, Sacrifice, Step, Lawyer, Clammy, Unhealthy, Earthquake, Passenger, Power"
"Mallie Farrell","A omnis ea odio. Facilis sit reiciendis vero asperiores. Similique quaerat molestiae maiores rerum.",Angular,Flask,Firebase,"Google Sheets, Google Search Console, Mixpanel, Codeship, Mouseflow, Express.js, Google Cloud, Google Slides, Google Search Console, Segment, Google Cloud, Firebase, Codeship, Laravel, Node.js, Trello, Laravel","Lake, Guttural, Abrupt, Go, Irritating, Desk, Sentence, Dig, Gratis, Berserk, Nail, Water, Twist, Hospital, Shut, Mom, Sate, Kaput, Irritating, Defiant, Colossal, Wild, Comfort, Advice, Horrify, Voracious, Praise, Dry, Instinctive, Cats, Crayon, Unkempt, Stop, Confess, Contrast, Imprint, Drag, Spill, Puzzling, Fly, Sun, Comment, Hair, Dinner, Imperfect, One, Cakes, Dispose, Thunder, Pray, Puzzling, Terrific, Steam, Burn, Hearing, Vengeful, Implode, Watch, Magnificent, Have, Neighborly, Basket, Vomit, Clam, Rend, Celebrate, Glance, Peep, Coil, Bawdy, Appliance, Step, Suggestion, Impend, Dangerous, Caring, Condemned, Idiotic, Hatch, Waste, Waylay"
"Ova Reilly PhD","Repellendus tempora mollitia nobis aliquam. Corporis similique nobis occaecati ratione id.",Vue.js,Symfony,Neo4j,"Node.js, Skype, Google Meet, Google Slides, GitLab","Bridge, Superficial, Nap, Men, Abundant, Trap, Near, Authority, Think, Dash, Bury, Hospitable, Romantic, Old-fashioned, Quit, Ten, White, Smell, Abounding, Scary, Hiss, Propose, Fixed, Bushes, Cent, Coat, Nappy, Zesty, Gruesome, Rose, Return, Fast, Flashy, Scab, Tenuous, Spiffy, Utopian, Donate, Female, Suit, Attention, Digest, Spiteful, Account, Credit, Mundane, Yawn, Walk, Output, Aware, Deadpan, Bite-sized, Scatter, Adjoining, Advertisement, Lonely, Mistake, Gamy, Statement, Silent, Impulse, Damaging"
"Elinor Kirlin","Ab pariatur velit officia ut modi cumque. Facere quisquam tempora esse nesciunt aperiam ipsa eum. Qui impedit et et in. Animi error consequatur molestiae veritatis voluptates tempora.",HTML,Laravel,Elasticsearch,"Mixpanel, Microsoft Teams, GitHub, Trello, Bitbucket, Flask, Jira, TeamCity, GitLab, React, Hotjar, Node.js, Asana, Google Meet, Heap","Girls, Slimy, Lazy, Renounce, Shirk, Frame, Experience, Twist, Counsel, Praise, Channel, Gray, Admit, Stride, Berry, Sofa, Drill, Wood, Inform, Memory, Sob, Slink, Valuable, Rob, Yard, Slow, Bite, Remarkable, Animate, Interest, Ill-fated, Infest, Natural, Dance, Hour, Gain, Kite, Submit, Forbid"
"Forrest Kovacek","Reprehenderit iste aspernatur officiis consequatur. Quod quae in exercitationem. Sit incidunt et rem rem est. Eum natus adipisci illum facere quibusdam ipsam error.",HTML,"Ruby on Rails",Memcached,"Travis CI, Amplitude, Redis, Confluence, Bitbucket, Laravel, TeamCity, GitLab, CircleCI, MySQL, DigitalOcean, Zoom","Giants, Bind, Advice, Income, Imprison, Sordid, Confiscate, Common, Physical, Divergent, Love, Abash, Committee, Calculating, Shrill, Mellow, Attack, Inlay, Separate, Humorous, Foregoing, Zesty, Grieving, Red, Ache, Shelf, Memory, Hurry, Moaning, Oranges, Inexpensive, Impinge, Imprint, Brash, Steadfast, Bloody, Operate, Nest, Door"
"Dr. Jaeden Kozey III","Architecto unde eos ab fuga qui quia. Voluptas sunt distinctio eligendi quia placeat recusandae. Qui maiores consequatur consequatur quam.",HTML,ASP.NET,DynamoDB,"Discord, Crazy Egg, PostgreSQL, Skype, MariaDB, Elasticsearch, Google Analytics, GitLab, Docker, Google Docs, HTML, AWS, GitHub","Hurried, Upset, Army, Colossal, Jolly, Conserve, Hurried, Tall, Oppress, Think, Disgust, Sow, Hurry, Dear, Originate, Tranquil, Exultant, Mistake, Button, Majestic, Overt, Sock, Melt, Bushes, Trees, Warm, Murmur, Excellent, Input, Ill-treat, Protect, Big, Dive, Quit, Bead, Grieving, Behave, Caption, Squalid, Green, Quit, Fair, Store, Condemned, Knee, Page, Spill, Charge, Slam, Enthusiastic, Attempt, Impartial, Economic, Cause, Breezy, Old-fashioned, Verify, Stiff, Raspy, March, Helpless, Straw, Impulse, Oranges, Instrument, Two, Attention, Imperil, Trip, Bulb, Miniature"
"Ms. Fae Mraz","Accusamus vel rerum ut expedita non eligendi eos. Qui quisquam porro sit occaecati dolores et. Voluptate in itaque nesciunt amet. Modi magnam aut deleniti laborum blanditiis eveniet.",Vue.js,"Ruby on Rails",Neo4j,"OneDrive, Google Analytics, Segment, Google Tag Manager, Hotjar, SQLite, Vercel, React, Codeship, Google Tag Manager, Dropbox, Kubernetes, Git, Ruby on Rails, Notion, Bamboo, Netlify","Contrive, Terrible, Didactic, Open, Large, Smother, Society, Chase, Crate, Overtake, Merciful, Periodic, Quicksand, Pink, Property, Scorch, Chin, Obnoxious, Woman, Fruit, Vegetable, Joke, Onerous, Towering, Drink, Weep, Forget, Continue, Harbor, Annoying, Deadpan, Contain, Hilarious, Fail, Reach, Fall, Donkey, Chairs, Lewd, Excellent, Side, Convert, Run, Scary, Pen, Window, Last, Birds, Fertile, Contain, Healthy, Discuss, Talk, Guitar, Catch, Blow, Convey, Hapless, Porter, Inlay, Pray, Flop, Acquire, Lucky, Miss, Cute, Convers, Unkempt, Chin, Gaping, Dim, Magenta, Ill-treat, Magnificent, Place, Tall, Versed, Sun, Upset, Library, Protective, Accidental, Pet, Scrawny, Cable, Impose"
"Prof. Morton Zemlak Sr.","Qui possimus aut aliquid similique sint accusamus. Tempora sapiente distinctio provident. Esse qui sit rerum est ullam et.",React,Symfony,Elasticsearch,"Neo4j, Azure, Google Sheets, Docker, Discord, Travis CI, Microsoft Teams, MongoDB, Asana","Sabotage, Retch, Offbeat, Trip, Macho, Violent, Earn, Pour, Children, Play, Have, Fit, Diminish, Fit, Resolute, Push, Offer, Expand, Strew, Comfortable, Functional, Elfin, Brash, General, Rude, Swing, Grouchy, Divide, Expand, Range"
"Cristian Kemmer","Libero aut corporis consectetur aut tenetur. Impedit eos voluptas ullam. Qui qui excepturi voluptas nulla.",Angular,ASP.NET,Neo4j,"Flask, Spring, Symfony, MariaDB, Flask, GitHub, Google Docs, Netlify, PHP, Microsoft PowerPoint, Neo4j, VWO, Jira","Domineering, Classy, Trampl, Insure, Humorous, Turn, Apparatus, Appliance, Somber, Drunk, Gainful, Undo, Contrive, Panicky, Shelf, Heavy, Average, Collar, Breath, Nip, Coil, Sacrifice, Glib, Deeply, Trap, Increase, Assorted, Injure, Stream, Quack, Fire, Racial, Innovate, Dwell, Chubby, Fly, Cowardly, Fire, Condemned, Milky, Money, Nap, Writing, Obsolete, Innate, Sanction, Motion, State, Superficial, Maniacal, Ply, Talk, Crayon, Badge, Exotic, Eight, Unwritten, Immure, Base, Apparatus, Elderly, Rob, Describe, Weep, Fold, Saturate, Functional, Boys, Ultra, Slope, Walk, Line, Behave, Impolite, Downtown, Save, Accessible, Longing, Place, Truculent, Motivate, Oranges, Arm, Sulky, Rings"
"Miss Shannon Runolfsdottir","Sint est itaque consequatur velit et dolor eaque. Expedita facilis ipsa odit. Cumque minus repudiandae ut iure eum est ad harum.",HTML,"ASP.NET Core",CouchDB,"Docker, Slack, PHP, Bitbucket, TeamCity, Google Cloud, Vue.js, React","Spark, Bite-sized, Rot, Obey, Page, Scarp, Average, Glue, Sass, Weep, Magical, Sneeze, Seize, Wary, Sordid, Scab, Extra-large, Unequaled, Descriptive, Contain, Reward, Awake, Place, Expand, News, Copy, Whip, Orange, Damaging, Truck, Rainstorm, Treasure, Lovely, Bun, Brain, Puny, Seem, Deny, Ready, Flimsy, Remake, Impede, Weep, Sloppy, Chairs, Look, Yard, Wise, Fiction, Design, Motivate, Acquire, Illumine, Excellent, Pen, Pail, Square, Grandmother, Clever, Nappy, Engrave, Defective, Scorch, Giants, Knowledge, Fire, Beetle, Jolly, Field, Doctor, Cheerful, Motion, Finish, Tongue, Hospitable"
"Rosalia Jaskolski V","Amet maxime provident quas ratione aut. Enim omnis quidem iusto eius.",React,Node.js,SQLite,"Google Drive, Symfony, Mouseflow, Django, CouchDB, Couchbase, Django, Vue.js, Bamboo, Elasticsearch, Microsoft Teams","Train, Windy, Consult, Damage, Scrawny, Key, Story, Marvelous, Erect, Able, Enjoy, Hard, Skinny, Wrong, Pleasure, Ahead, Fat, Bells, Real, Yoke, Renounce, Wave, Skinny, Carpenter, Committee, Challenge, Arch, Print, Periodic, Beg, Preserve, Wacky, Slide, Aftermath, Fry, Imminent, Ancient, Rude, Join, Truculent, Scatter, Paste, Yam, Astonishing, Chubby, Earthquake, Jelly, Humor, Comfort, Milky, Spray, Cushion, Rebuild, Glow, Able, Squalid, Refer, Sever, Count, Immure, Flashy"
"Kaycee Gislason","Maiores autem sequi molestiae beatae libero architecto eos. Sed et distinctio qui minus molestias consectetur distinctio. Sit ut id libero sit odio est.",HTML,"Ruby on Rails",SQLite,"Laravel, Angular, RethinkDB, Microsoft PowerPoint, Zoom, Crazy Egg, Vue.js, Flask, Bitbucket, Crazy Egg, Cassandra, Netlify, GitLab, Git, Spring","Spiteful, Provide, Tearful, Swanky, Testy, Hearing, Shrill, Wretched, Structure, Rotten, Argument, Drawer, Advise, Highfalutin, Soggy, Sneaky, Zipper, Fill, Victorious, Lift, Assorted, Express, Calculate, Savor, Curly, Grade, Scientific, Paper, Axiomatic, Observation, Retch, Leaf, Taste, Engine, Sever, Reading, Curious, Enjoy, Pet, Rigid, Detail, Elated, Gamy, Ugly, Discreet, Wary, Abortive, Sheep, Put, Conscious, Eyes, Apparatus, Discuss"
"Mr. Colby Weber","Et blanditiis in ex voluptatum. Sunt non dolore quia vitae placeat velit aliquam. Asperiores minima repellendus animi. Omnis cupiditate rerum sed ab omnis nulla.",React,Spring,Elasticsearch,"Flask, ASP.NET, Oracle, MongoDB, Jira, Microsoft Teams, Ruby on Rails, ASP.NET Core, Trello, HTML, DigitalOcean, Git, Google Search Console, Kubernetes, Vercel, Notion, Docker, Oracle","Smoggy, Vigorous, Humdrum, Airplane, Line, Evanescent, Send, Melted, Foamy, Adjustment, Abandoned, Feast, Annoyed, Street, Longing, March, Lay, Conclude, Badge, Milky, Wine, Silver, Right, Truck, Polite, Dash, Ready, Tacit, Shivering, Rate, Company, Acquire, Convey"
"Hallie Spinka","Provident reiciendis perferendis nihil modi. Assumenda repellat ab asperiores sequi. Doloribus veritatis iure dicta dolores.",Vue.js,"Ruby on Rails",CouchDB,"Google Sheets, Google Slides, MySQL, Microsoft Word, MariaDB, Cassandra, Slack, Mouseflow, Bamboo","Steal, Steam, Servant, Godly, Sidewalk, Ring, Crime, Stomach, Money, Eight, Peep, Cute, Zany, Breakable, Rabid, Bleed, Kick, Park, Sulky, Ill, Crackle, Infest, Stop, Nation, Summer, Garrulous, Can, Fat, Ad hoc, Boiling, Educated, Shiny, Entertaining, Yam, Guess, Roar, Peace, Solicit, Abrupt, Bite-sized, Swing, Differ, Speak, Crooked, Damage, Gruesome, Caress, Noxious, Blur, Evanescent, Create, Detail, Please, Recognize, Prove, Snail, Assort"
"Jettie Windler","Praesentium facilis at dolor maiores. Quidem quidem ut beatae recusandae aut omnis. Et beatae alias aut ad culpa enim. Suscipit aut aut quas molestias ratione earum impedit.",Angular,"ASP.NET Core",Couchbase,"Google Sheets, Oracle, Vercel, ASP.NET Core, Jenkins, Hotjar, Travis CI, React, Google Search Console, Laravel, Inspectlet, Google Docs, Bitbucket","Dedicate, Skinny, Thin, Shock, Print, Advise, New, Ultra, Steadfast, Educated, Impartial, Hearing, Enlighten, Classify, Badge, Jealous, Absorb, Second, Value, Late, Adaptable, Beautify, Mitten, Hospitable, Buzz, Thunder, Neck, Expect, Shiver, Input, Hinder, Dazzling, Humdrum, Two, Decision, Brash, Gamy, Judicious, Hose, Class, Beg, Organize, Alleged, Broadcast, Trucks, Short, Stoop, White, Rebel, Become, Body, Well-off, Worm, Seize, Dance, Horrify, Tangy, Separate, Adorable, Polish, Cow, Undesirable, Bad, Old-fashioned, Orde, Store, Detect, Kick, Quarter, Lade, Change, Unadvised"
"Regan Robel","Illo atque doloribus atque aliquam facere voluptatum. Eaque magnam sint illum sequi sit sit. Praesentium quod consequuntur qui. Facilis natus voluptatem et minus quis maiores eligendi.",Angular,Express.js,CouchDB,"Kubernetes, Google Search Console, ASP.NET, VWO, Jira, Jira, Google Sheets, Google Cloud, Vercel, iCloud, Express.js, Redis, Amplitude, Angular, Jira, Codeship, Angular, Discord, Express.js, Jira","Save, Few, Ugliest, Bright, Thoughtful, Disgusted, Robin, Lackadaisical, Roasted, Sheet, Suggest, Glass, Productive, Hurried, Spoon, Brawny, Glitter, Waste, Wary, Melt, Garrulous, Abortive, Meeting, Idealize, Merge, Breakable, Wheel, Play, Humorous, Obtain, Sudden, Illustrate, Stingy, Transfer, Deer, Steam, Ornament, Bucket, Drab, Macho, Indulge, Women, Smoggy, Trucks, Corn, Bite, Suffer, Verse, Rebuild, Dress, Shirk, Skinny, Describe, Lamp, Cool, Productive, Air, Jaded, Dig, Energetic, Convers, Quilt, Kite, Phobic, Ripe, Colossal, Kindly, Insure, Balloon, Merge, Disgusting, Digest, Behold, Obtain"
"Thalia Anderson","Ut quis id et. Laborum qui odio voluptatum mollitia laudantium dolore aut. Sit consequatur voluptatem est animi quasi qui.",Vue.js,Express.js,SQLite,"CircleCI, Jira, CouchDB, Trello, iCloud, Elasticsearch, Bitbucket, GitLab, GitHub, Azure, Redis, TeamCity, Zoom, Google Search Console","Baseball, Bubble, Lumpy, Corn, Unhealthy, Harsh, Zesty, Productive, Standing, Mice, Fiction, Saponify, Pardon, Sight, Torpid, Rude, Voyage, Swear, Oven, Bustling, Physical, Rotten, Aberrant, Question, Smash, Handsomely, Spoon, Exciting, Recur, Brothers, Illustrate, Wonderful, Camera, Dress, Domineering, Library, Possessive, Horrify, Spiffy, Door, Overtake, Obnoxious, Shoes, Well-groomed, Fierce, Cobweb, Zany"
"Frida Herzog DVM","Possimus eum non sint. Repellendus quaerat in quo ut illum aut. In qui molestiae consequatur sit similique voluptatum. Dolore amet dolor accusamus aut. Autem sit dolor autem aut sit.",Vue.js,Flask,MariaDB,"Angular, DynamoDB, React, Google Search Console, GitLab","Identify, String, Panoramic, Cut, Lettuce, Faint, Male, Same, Nappy, Writer, Cuddly, Concerned, Motionless, Needy, Inexpensive, Spit, Undo, Beginner, Set, Tasteful, Unbiased, Cap, Sink, Well-groomed, Vomit, Partner, Shun, Deprive, Calm, Uppity, Erect, Glitter, Chair, Queen, Cultured, Icicle, Building, Detect, Development, Father, Imprison, Pen, Reduce, Crayon, Toad, Knot, Shun, Writer, Report, Fish, Kneel, Crow, Wasteful, Edge, Crush, Shoes, Contain, Pretend, Bat, Correct, Neat, Kindly, Zebra, Kneel, Good, Rings, Distribute, Itchy, Rude, Fixed, Bat, Trains, Partake, Truck, Crate, Spot, Cross, Instrument, Credit, Spiteful, Subsequent, Queen"
"Michele Abernathy","Cumque ea neque voluptatibus nisi mollitia. Et ducimus veritatis omnis et. In iusto quia in sint ipsum et voluptatem.",HTML,Express.js,CouchDB,"Docker, Mixpanel, Oracle, Git, FullStory, Discord, Redis, PHP, Hotjar, DynamoDB, Codeship, Mouseflow, Memcached, Google Slides, Couchbase, Flask","Mistake, Berry, Plough, Follow, Ethereal, Envy, Dinner, Lay, Lazy, Dysfunctional, Dependent, Colossal, Point, Library, Doctor, Seashore, Juicy, Dry, Smiling, Lumpy, Vacuous, Heartbreaking, Elated, Adjustment, Physical, Organization, Gag, Mint, Rigid, Caring, Aware, Lick, Design, Goose, Bead, Grain, Meat, Snotty, Rainstorm, Star, Shelf, Direct, Robin, Deeply, Position, Celebrate, Outstanding, Direful, Deadpan, Encircle, Mountainous, Advise, Run, Quiver, Succinct, Far-flung, Inquisitive, Feet, Messy, Yield, Liquid, Tall, Obedient, Seashore, Savvy, Collar, Cast, Downtown, Laughable, Attack, Mitten, Inflame, Exchange, Valuable, Cannon, Restrain, Inflate, Unaccountable, Toothpaste, Groovy, Decision"
"Yoshiko Spencer","Perferendis temporibus nam voluptatem sunt illum et placeat cumque. Aut iste vel mollitia asperiores dicta praesentium. Aut et repellat doloribus ut quibusdam voluptatem quibusdam.",HTML,Django,PostgreSQL,"Google Drive, Trello, GitHub, Kubernetes, Inspectlet, VWO, Notion, ASP.NET Core, iCloud, MariaDB, Travis CI, Asana, Django, Redis, MySQL, Asana, Bamboo","Glossy, Glance, Lovely, Boats, Page, Keen, Cream, Obsequious, Praise, Scorch, War, Discuss, Gruesome, Aunt, Kitty, Ducks, Channel, Lock, Division, Smother, Detach, Trucks, Kneel, Fierce, Useless, Magenta, Government, Property, Regard, Unbiased, Seed, Cart, Fruit, Basin, Hang, Crate, Google, Meeting, Preserve, Hurried, Let, Foregoing, Innate, Trade, Match, Heave, Strive, Abject, Jaded"
"Miss Kianna Jones PhD","Tempore exercitationem aut dolor ex corporis rem. Dicta dolorem tempora perferendis vero repudiandae. Minus molestias in et doloremque velit id.",Angular,Express.js,Neo4j,"Hotjar, Azure, PostgreSQL, Mouseflow, Microsoft PowerPoint, Asana, Google Sheets, Netlify, GitLab, ASP.NET, Jenkins, PHP, CircleCI, Vue.js, TeamCity, VWO","Snatch, Known, Nation, Tame, Ghost, Rake, Knot, Injure, Luxuriant, Repeat, Writer, Tramp, Thankful, Acceptable, Awful, Dust, Injure, Upbeat, Color, Ill-informed, Worm, Drag, Bring, Crowd, Prickly, Treasure, Bouncy, Pass, Nebulous, Dead, Nebulous, Impeach, Right, Meeting, Refer, Test, Truthful, Snap, Club, Flaky, Spark, Day, Chip, Goose, Swear, Sight, Bend, Part, Handy, Rotten, Flaky, News, Ache, Cynical, Cold, Acquire, Edge, Choose, Old-fashioned, Erect, Sordid, Dependent, Obsolete, Absurd, Damaging, Unnatural, Scary, Process, Rare, Grind, Vegetable, Grandmother, Therapeutic, Pay, Fanatical, Park, Fuzzy"
"Simeon Homenick","Aut amet doloremque qui ut quia. Quasi quo omnis unde sint. Minus aliquid odio ut saepe rerum.",Vue.js,"ASP.NET Core",Memcached,"Redis, Bamboo, ASP.NET Core, Dropbox, Kubernetes","Camera, Maddening, Cut, Seize, Trains, Gaze, Saw, Ornament, Untidy, Feeling, Move, Sheet, Sneeze, Crackle, Reaction, Stare, Implode, Few, Cycle, Impart, Hatch, Hot, Pail, Quiver, Reflect, Bottle, Development, Board, Book, Fertile, Worry, Pout, Breakable, Conquer, Ant, Deny, Mash"
"Mrs. Chelsie Williamson Jr.","Et enim aliquid aperiam molestiae iure. Voluptatem veritatis omnis neque eveniet aperiam dignissimos ipsa. Sint quia molestias corporis dolorem atque neque.",HTML,"Ruby on Rails",DynamoDB,"Optimizely, Spring, Confluence, ASP.NET Core, Vercel, VWO, Memcached, DynamoDB, Kubernetes, Angular, Couchbase, Trello, Express.js, Confluence","Digestion, Erratic, Road, Troubled, Ducks, Oil, Unwritten, Stray, Earn, Impartial, Help, Dispose, Draw, Value, Voyage, Stay, Grouchy, Sticky, Trains, Try, Lock, Base, Terrible, Smoke, Contain, Strew, Advertisement, Race, Dad, Languid, Offset, Handsome, Horrify, Inspire, Price, Discuss, Shut, Write, Trite, Easy, Zesty, Owe, Inquisitive, Note, Certain, Division, Wholesale, Transfer, Declare, Corrod, Uttermost, Trade, Copy, Yummy, Zippy, Classy, Attractive, Dim, Vagabond, Early, Structure, Discussion, Silly, Cannon, Identify, Longing, Functional, Cellar, Zoom, Unhealthy, Racial, Garden"
"Dr. Aniyah Torp Sr.","Aut laborum eaque non iure sapiente sapiente qui. Quaerat et porro amet voluptas molestiae quia aut. Officia perspiciatis reprehenderit optio est nisi nostrum reiciendis.",Vue.js,"Ruby on Rails",MySQL,"Kubernetes, CircleCI, Skype, Microsoft Word, Mixpanel, Mixpanel, Microsoft Word, Hotjar, Google Meet, Mixpanel, Trello, Microsoft Word","Brush, Salty, Macho, Shout, Animated, Cute, Direct, Come, Sky, Abrupt, Club, Plough, Hook, Please, Delete, Bubble, Damaged, Useful, Uptight, Itchy, Stomach, Dash, Hide, Regret, Express, Care, Statement, Cough, Furry, Rotten, Reading, Wave, Murmur, Throat, Submit, Make, Grieving, Umbrella, Detail, Merciful, Do, Productive, Educated, Willing, Exciting, Cushion, Bucket, Mountainous, Argue, Kittens, Digestion, Cry, Drawer, Implore, Aware, Satisfying, Cloistered, Exclusive, Lawyer, Sneeze, Soothe, Ponder, Sedate, Unkempt"
"Haskell Von","Culpa non doloribus doloribus hic quia voluptas. Deserunt perferendis est quisquam hic.",Angular,Symfony,Couchbase,"Kubernetes, React, Mixpanel, Google Analytics, Discord, Inspectlet, Optimizely, Segment","Believe, Lucky, Orde, Even, Momentous, Dive, Consult, Remarkable, Take, Jolly, Challenge, Spray, Even, Ring, Box, Jelly, Best, Tangible, Grip, Head, Unadvised, Cannon, Indicate, Ready, Pleasant, Develop, Resonant, Implode, Tacky, Allow"
"Virgie Roberts","Sit dolor non vel a. Et delectus libero ducimus quo a odio. Numquam quia asperiores vel iste.",React,ASP.NET,DynamoDB,"ASP.NET, Cassandra, ASP.NET, CouchDB, Microsoft Teams, Slack, Firebase, Git, Google Cloud, Flask, Bamboo, Microsoft Word, GitLab, ASP.NET, Trello, MongoDB, CircleCI, HTML, Hotjar, Microsoft PowerPoint","Bag, Ghost, Rebuild, Blue, Truculent, Cannon, Massive, Endurable, Strike, White, Servant, Feeling, Hook, Average, Zesty, Key, Satisfying, Lick, Equal, Type, Refer, Attractive, Fizz, Pray, Ponder, Observation, Unbiased, Donkey, Diminish, Matter, Animal, Numberless, Cuddly, Reset, Wed, Pen, Aware, Buzz, Monkey, Chairs, Inlay, Crow, Rice, Righteous, Gratis, Imbibe, Salute, Tire, Macabre, Excellent, Sort, Sea, Rural, Clear, Remarkable, Airport, Careful, View, Chin, Fat, Exotic, Coil, Insure, Dapper, Crooked, Idealize, Wretched, Succeed, Fish, Arm, Equal"
"Jerome D'Amore","Nobis omnis architecto sit neque ea. Consectetur quibusdam repudiandae enim assumenda eum. Suscipit facere neque eaque odio ab voluptate quod. Quia mollitia aut et expedita.",HTML,Node.js,Couchbase,"FullStory, Git, Codeship, Confluence, Flask, Express.js, Microsoft Excel, TeamCity, Mouseflow, Angular, Microsoft Word, Zoom, Slack, Asana, Confluence, MongoDB, Bamboo","Obedient, Spring, Heartbreaking, Brain, Marry, Metal, Meeting, Puny, Animal, Rice, Hurry, Cut, Coil, Quack, Determined, Hapless, Scant, Make, Rod, Glitter, Shiny, Mom, Porter, Draw, Toothbrush, Hook, Marry, Sudden, Imperil, Alcoholic, Steal, Domineering, Warn, Push, Physical, Trampl, Humor, Attention, Maid, Injure, Scale, Accompany, Truck, Join, Bent, Class, Dazzling, Dress, Habitual, Survey, Strew, Demonic, Occupy, Rod, Zippy, Bath"
